iter	R2
0	0.1028400326
1	0.1999248061
2	0.2940477486
3	0.380435844
4	0.4577087633
5	0.5188720396
6	0.5782737235
7	0.6257636699
8	0.6671965612
9	0.7040559206
